left_subset,right_subset,support,confidence
"(43352,)","(16797,)",0.010532150776053215,0.41304347826086957
"(27845,)","(24852,)",0.012195121951219513,0.39285714285714285
"(27966,)","(13176,)",0.01385809312638581,0.4098360655737705
"(47766,)","(24852,)",0.01607538802660754,0.30851063829787234
"(45066,)","(24852,)",0.011086474501108648,0.425531914893617
"(21903,)","(24852,)",0.024390243902439025,0.36666666666666664
"(28204,)","(24852,)",0.013303769401330377,0.5106382978723404
"(47209,)","(13176,)",0.022172949002217297,0.33613445378151263
