left_subset,right_subset,support,confidence
"(45066,)","(24852,)",0.011673151750972763,0.4158415841584158
"(28204,)","(24852,)",0.013896609227348526,0.4716981132075472
