left_subset,right_subset,support,confidence
"(27966,)","(13176,)",0.013769751693002256,0.3465909090909091
"(45066,)","(24852,)",0.011173814898419865,0.42127659574468085
"(47209,)","(13176,)",0.021106094808126412,0.32922535211267606
"(16797,)","(24852,)",0.012979683972911963,0.32212885154061627
